ID,Product Name,Serial Number,Category,Price ($),Stock Quantity,Unique Key
1,Laptop,ZFJG,Electronics,1200,10,Key_1
2,Smartphone,01BC,Electronics,800,15,Key_2
3,Tablet,02CD,Electronics,600,20,Key_3
4,Monitor,03DE,Electronics,300,25,Key_4
5,Keyboard,04EF,Accessories,100,30,Key_5
6,Laptop,05FG,Electronics,1200,10,Key_6
7,Smartphone,06GH,Electronics,800,15,Key_7
8,Tablet,07HI,Electronics,600,20,Key_8
9,Monitor,08IJ,Electronics,300,25,Key_9
10,Keyboard,09JK,Accessories,100,30,Key_10
11,Laptop,3740,Electronics,1200,10,Key_11
12,Smartphone,11LM,Electronics,800,15,Key_12
13,Tablet,12MN,Electronics,600,20,Key_13
14,Monitor,13NO,Electronics,300,25,Key_14
15,Keyboard,14OP,Accessories,100,30,Key_15
16,Laptop,15PQ,Electronics,1200,10,Key_16
17,Smartphone,16QR,Electronics,800,15,Key_17
18,Tablet,17RS,Electronics,600,20,Key_18
19,Monitor,18ST,Electronics,300,25,Key_19
20,Keyboard,19TU,Accessories,100,30,Key_20
21,Laptop,,Electronics,1200,10,Key_21
22,Smartphone,21VW,Electronics,800,15,Key_22
23,Tablet,22WX,Electronics,600,20,Key_23
24,Monitor,23XY,Electronics,300,25,Key_24
25,Keyboard,24YZ,Accessories,100,30,Key_25
26,Laptop,25ZA,Electronics,1200,10,Key_26
27,Smartphone,26AB,Electronics,800,15,Key_27
28,Tablet,27BC,Electronics,600,20,Key_28
29,Monitor,28CD,Electronics,300,25,Key_29
30,Keyboard,29DE,Accessories,100,30,Key_30
31,Laptop,30E1,Electronics,1200,10,Key_31
32,Smartphone,31FG,Electronics,800,15,Key_32
33,Tablet,32GH,Electronics,600,20,Key_33
34,Monitor,33HI,Electronics,300,25,Key_34
35,Keyboard,34IJ,Accessories,100,30,Key_35
36,Laptop,35JK,Electronics,1200,10,Key_36
37,Smartphone,36KL,Electronics,800,15,Key_37
38,Tablet,37LM,Electronics,600,20,Key_38
39,Monitor,38MN,Electronics,300,25,Key_39
40,Keyboard,39NO,Accessories,100,30,Key_40
41,Laptop,DCIH,Electronics,1200,10,Key_41
42,Smartphone,41PQ,Electronics,800,15,Key_42
43,Tablet,42QR,Electronics,600,20,Key_43
44,Monitor,43RS,Electronics,300,25,Key_44
45,Keyboard,44ST,Accessories,100,30,Key_45
46,Laptop,45TU,Electronics,1200,10,Key_46
47,Smartphone,46UV,Electronics,800,15,Key_47
48,Tablet,47VW,Electronics,600,20,Key_48
49,Monitor,48WX,Electronics,300,25,Key_49
50,Keyboard,49XY,Accessories,100,30,Key_50
51,Laptop,0586,Electronics,1200,10,Key_51
52,Smartphone,51ZA,Electronics,800,15,Key_52
53,Tablet,52AB,Electronics,600,20,Key_53
54,Monitor,53BC,Electronics,300,25,Key_54
55,Keyboard,54CD,Accessories,100,30,Key_55
56,Laptop,55DE,Electronics,1200,10,Key_56
57,Smartphone,56EF,Electronics,800,15,Key_57
58,Tablet,57FG,Electronics,600,20,Key_58
59,Monitor,58GH,Electronics,300,25,Key_59
60,Keyboard,59HI,Accessories,100,30,Key_60
61,Laptop,,Electronics,1200,10,Key_61
62,Smartphone,61JK,Electronics,800,15,Key_62
63,Tablet,62KL,Electronics,600,20,Key_63
64,Monitor,63LM,Electronics,300,25,Key_64
65,Keyboard,64MN,Accessories,100,30,Key_65
66,Laptop,65NO,Electronics,1200,10,Key_66
67,Smartphone,66OP,Electronics,800,15,Key_67
68,Tablet,67PQ,Electronics,600,20,Key_68
69,Monitor,68QR,Electronics,300,25,Key_69
70,Keyboard,69RS,Accessories,100,30,Key_70
71,Laptop,70S1,Electronics,1200,10,Key_71
72,Smartphone,71TU,Electronics,800,15,Key_72
73,Tablet,72UV,Electronics,600,20,Key_73
74,Monitor,73VW,Electronics,300,25,Key_74
75,Keyboard,74WX,Accessories,100,30,Key_75
76,Laptop,75XY,Electronics,1200,10,Key_76
77,Smartphone,76YZ,Electronics,800,15,Key_77
78,Tablet,77ZA,Electronics,600,20,Key_78
79,Monitor,78AB,Electronics,300,25,Key_79
80,Keyboard,79BC,Accessories,100,30,Key_80
81,Laptop,DMQB,Electronics,1200,10,Key_81
82,Smartphone,81DE,Electronics,800,15,Key_82
83,Tablet,82EF,Electronics,600,20,Key_83
84,Monitor,83FG,Electronics,300,25,Key_84
85,Keyboard,84GH,Accessories,100,30,Key_85
86,Laptop,85HI,Electronics,1200,10,Key_86
87,Smartphone,86IJ,Electronics,800,15,Key_87
88,Tablet,87JK,Electronics,600,20,Key_88
89,Monitor,88KL,Electronics,300,25,Key_89
90,Keyboard,89LM,Accessories,100,30,Key_90
91,Laptop,4475,Electronics,1200,10,Key_91
92,Smartphone,91NO,Electronics,800,15,Key_92
93,Tablet,92OP,Electronics,600,20,Key_93
94,Monitor,93PQ,Electronics,300,25,Key_94
95,Keyboard,94QR,Accessories,100,30,Key_95
96,Laptop,95RS,Electronics,1200,10,Key_96
97,Smartphone,96ST,Electronics,800,15,Key_97
98,Tablet,97TU,Electronics,600,20,Key_98
99,Monitor,98UV,Electronics,300,25,Key_99
100,Keyboard,99VW,Accessories,100,30,Key_100
101,Laptop,,Electronics,1200,10,Key_101
102,Smartphone,01XY,Electronics,800,15,Key_102
103,Tablet,02YZ,Electronics,600,20,Key_103
104,Monitor,03ZA,Electronics,300,25,Key_104
105,Keyboard,04AB,Accessories,100,30,Key_105
106,Laptop,05BC,Electronics,1200,10,Key_106
107,Smartphone,06CD,Electronics,800,15,Key_107
108,Tablet,07DE,Electronics,600,20,Key_108
109,Monitor,08EF,Electronics,300,25,Key_109
110,Keyboard,09FG,Accessories,100,30,Key_110
111,Laptop,110G1,Electronics,1200,10,Key_111
112,Smartphone,11HI,Electronics,800,15,Key_112
113,Tablet,12IJ,Electronics,600,20,Key_113
114,Monitor,13JK,Electronics,300,25,Key_114
115,Keyboard,14KL,Accessories,100,30,Key_115
116,Laptop,15LM,Electronics,1200,10,Key_116
117,Smartphone,16MN,Electronics,800,15,Key_117
118,Tablet,17NO,Electronics,600,20,Key_118
119,Monitor,18OP,Electronics,300,25,Key_119
120,Keyboard,19PQ,Accessories,100,30,Key_120
121,Laptop,HRCV,Electronics,1200,10,Key_121
122,Smartphone,21RS,Electronics,800,15,Key_122
123,Tablet,22ST,Electronics,600,20,Key_123
124,Monitor,23TU,Electronics,300,25,Key_124
125,Keyboard,24UV,Accessories,100,30,Key_125
126,Laptop,25VW,Electronics,1200,10,Key_126
127,Smartphone,26WX,Electronics,800,15,Key_127
128,Tablet,27XY,Electronics,600,20,Key_128
129,Monitor,28YZ,Electronics,300,25,Key_129
130,Keyboard,29ZA,Accessories,100,30,Key_130
131,Laptop,9255,Electronics,1200,10,Key_131
132,Smartphone,31BC,Electronics,800,15,Key_132
133,Tablet,32CD,Electronics,600,20,Key_133
134,Monitor,33DE,Electronics,300,25,Key_134
135,Keyboard,34EF,Accessories,100,30,Key_135
136,Laptop,35FG,Electronics,1200,10,Key_136
137,Smartphone,36GH,Electronics,800,15,Key_137
138,Tablet,37HI,Electronics,600,20,Key_138
139,Monitor,38IJ,Electronics,300,25,Key_139
140,Keyboard,39JK,Accessories,100,30,Key_140
141,Laptop,,Electronics,1200,10,Key_141
142,Smartphone,41LM,Electronics,800,15,Key_142
143,Tablet,42MN,Electronics,600,20,Key_143
144,Monitor,43NO,Electronics,300,25,Key_144
145,Keyboard,44OP,Accessories,100,30,Key_145
146,Laptop,45PQ,Electronics,1200,10,Key_146
147,Smartphone,46QR,Electronics,800,15,Key_147
148,Tablet,47RS,Electronics,600,20,Key_148
149,Monitor,48ST,Electronics,300,25,Key_149
150,Keyboard,49TU,Accessories,100,30,Key_150
151,Laptop,150U1,Electronics,1200,10,Key_151
152,Smartphone,51VW,Electronics,800,15,Key_152
153,Tablet,52WX,Electronics,600,20,Key_153
154,Monitor,53XY,Electronics,300,25,Key_154
155,Keyboard,54YZ,Accessories,100,30,Key_155
156,Laptop,55ZA,Electronics,1200,10,Key_156
157,Smartphone,56AB,Electronics,800,15,Key_157
158,Tablet,57BC,Electronics,600,20,Key_158
159,Monitor,58CD,Electronics,300,25,Key_159
160,Keyboard,59DE,Accessories,100,30,Key_160
161,Laptop,BWLB,Electronics,1200,10,Key_161
162,Smartphone,61FG,Electronics,800,15,Key_162
163,Tablet,62GH,Electronics,600,20,Key_163
164,Monitor,63HI,Electronics,300,25,Key_164
165,Keyboard,64IJ,Accessories,100,30,Key_165
166,Laptop,65JK,Electronics,1200,10,Key_166
167,Smartphone,66KL,Electronics,800,15,Key_167
168,Tablet,67LM,Electronics,600,20,Key_168
169,Monitor,68MN,Electronics,300,25,Key_169
170,Keyboard,69NO,Accessories,100,30,Key_170
171,Laptop,5021,Electronics,1200,10,Key_171
172,Smartphone,71PQ,Electronics,800,15,Key_172
173,Tablet,72QR,Electronics,600,20,Key_173
174,Monitor,73RS,Electronics,300,25,Key_174
175,Keyboard,74ST,Accessories,100,30,Key_175
176,Laptop,75TU,Electronics,1200,10,Key_176
177,Smartphone,76UV,Electronics,800,15,Key_177
178,Tablet,77VW,Electronics,600,20,Key_178
179,Monitor,78WX,Electronics,300,25,Key_179
180,Keyboard,79XY,Accessories,100,30,Key_180
181,Laptop,,Electronics,1200,10,Key_181
182,Smartphone,81ZA,Electronics,800,15,Key_182
183,Tablet,82AB,Electronics,600,20,Key_183
184,Monitor,83BC,Electronics,300,25,Key_184
185,Keyboard,84CD,Accessories,100,30,Key_185
186,Laptop,85DE,Electronics,1200,10,Key_186
187,Smartphone,86EF,Electronics,800,15,Key_187
188,Tablet,87FG,Electronics,600,20,Key_188
189,Monitor,88GH,Electronics,300,25,Key_189
190,Keyboard,89HI,Accessories,100,30,Key_190
191,Laptop,190I1,Electronics,1200,10,Key_191
192,Smartphone,91JK,Electronics,800,15,Key_192
193,Tablet,92KL,Electronics,600,20,Key_193
194,Monitor,93LM,Electronics,300,25,Key_194
195,Keyboard,94MN,Accessories,100,30,Key_195
196,Laptop,95NO,Electronics,1200,10,Key_196
197,Smartphone,96OP,Electronics,800,15,Key_197
198,Tablet,97PQ,Electronics,600,20,Key_198
199,Monitor,98QR,Electronics,300,25,Key_199
200,Keyboard,99RS,Accessories,100,30,Key_200
201,Laptop,WTHV,Electronics,1200,10,Key_201
202,Smartphone,01TU,Electronics,800,15,Key_202
203,Tablet,02UV,Electronics,600,20,Key_203
204,Monitor,03VW,Electronics,300,25,Key_204
205,Keyboard,04WX,Accessories,100,30,Key_205
206,Laptop,05XY,Electronics,1200,10,Key_206
207,Smartphone,06YZ,Electronics,800,15,Key_207
208,Tablet,07ZA,Electronics,600,20,Key_208
209,Monitor,08AB,Electronics,300,25,Key_209
210,Keyboard,09BC,Accessories,100,30,Key_210
211,Laptop,9348,Electronics,1200,10,Key_211
212,Smartphone,11DE,Electronics,800,15,Key_212
213,Tablet,12EF,Electronics,600,20,Key_213
214,Monitor,13FG,Electronics,300,25,Key_214
215,Keyboard,14GH,Accessories,100,30,Key_215
216,Laptop,15HI,Electronics,1200,10,Key_216
217,Smartphone,16IJ,Electronics,800,15,Key_217
218,Tablet,17JK,Electronics,600,20,Key_218
219,Monitor,18KL,Electronics,300,25,Key_219
220,Keyboard,19LM,Accessories,100,30,Key_220
221,Laptop,,Electronics,1200,10,Key_221
222,Smartphone,21NO,Electronics,800,15,Key_222
223,Tablet,22OP,Electronics,600,20,Key_223
224,Monitor,23PQ,Electronics,300,25,Key_224
225,Keyboard,24QR,Accessories,100,30,Key_225
226,Laptop,25RS,Electronics,1200,10,Key_226
227,Smartphone,26ST,Electronics,800,15,Key_227
228,Tablet,27TU,Electronics,600,20,Key_228
229,Monitor,28UV,Electronics,300,25,Key_229
230,Keyboard,29VW,Accessories,100,30,Key_230
231,Laptop,230W1,Electronics,1200,10,Key_231
232,Smartphone,31XY,Electronics,800,15,Key_232
233,Tablet,32YZ,Electronics,600,20,Key_233
234,Monitor,33ZA,Electronics,300,25,Key_234
235,Keyboard,34AB,Accessories,100,30,Key_235
236,Laptop,35BC,Electronics,1200,10,Key_236
237,Smartphone,36CD,Electronics,800,15,Key_237
238,Tablet,37DE,Electronics,600,20,Key_238
239,Monitor,38EF,Electronics,300,25,Key_239
240,Keyboard,39FG,Accessories,100,30,Key_240
241,Laptop,WPJY,Electronics,1200,10,Key_241
242,Smartphone,41HI,Electronics,800,15,Key_242
243,Tablet,42IJ,Electronics,600,20,Key_243
244,Monitor,43JK,Electronics,300,25,Key_244
245,Keyboard,44KL,Accessories,100,30,Key_245
246,Laptop,45LM,Electronics,1200,10,Key_246
247,Smartphone,46MN,Electronics,800,15,Key_247
248,Tablet,47NO,Electronics,600,20,Key_248
249,Monitor,48OP,Electronics,300,25,Key_249
250,Keyboard,49PQ,Accessories,100,30,Key_250
251,Laptop,6073,Electronics,1200,10,Key_251
252,Smartphone,51RS,Electronics,800,15,Key_252
253,Tablet,52ST,Electronics,600,20,Key_253
254,Monitor,53TU,Electronics,300,25,Key_254
255,Keyboard,54UV,Accessories,100,30,Key_255
256,Laptop,55VW,Electronics,1200,10,Key_256
257,Smartphone,56WX,Electronics,800,15,Key_257
258,Tablet,57XY,Electronics,600,20,Key_258
259,Monitor,58YZ,Electronics,300,25,Key_259
260,Keyboard,59ZA,Accessories,100,30,Key_260
261,Laptop,,Electronics,1200,10,Key_261
262,Smartphone,61BC,Electronics,800,15,Key_262
263,Tablet,62CD,Electronics,600,20,Key_263
264,Monitor,63DE,Electronics,300,25,Key_264
265,Keyboard,64EF,Accessories,100,30,Key_265
266,Laptop,65FG,Electronics,1200,10,Key_266
267,Smartphone,66GH,Electronics,800,15,Key_267
268,Tablet,67HI,Electronics,600,20,Key_268
269,Monitor,68IJ,Electronics,300,25,Key_269
270,Keyboard,69JK,Accessories,100,30,Key_270
271,Laptop,270K1,Electronics,1200,10,Key_271
272,Smartphone,71LM,Electronics,800,15,Key_272
273,Tablet,72MN,Electronics,600,20,Key_273
274,Monitor,73NO,Electronics,300,25,Key_274
275,Keyboard,74OP,Accessories,100,30,Key_275
276,Laptop,75PQ,Electronics,1200,10,Key_276
277,Smartphone,76QR,Electronics,800,15,Key_277
278,Tablet,77RS,Electronics,600,20,Key_278
279,Monitor,78ST,Electronics,300,25,Key_279
280,Keyboard,79TU,Accessories,100,30,Key_280
281,Laptop,CPMW,Electronics,1200,10,Key_281
282,Smartphone,81VW,Electronics,800,15,Key_282
283,Tablet,82WX,Electronics,600,20,Key_283
284,Monitor,83XY,Electronics,300,25,Key_284
285,Keyboard,84YZ,Accessories,100,30,Key_285
286,Laptop,85ZA,Electronics,1200,10,Key_286
287,Smartphone,86AB,Electronics,800,15,Key_287
288,Tablet,87BC,Electronics,600,20,Key_288
289,Monitor,88CD,Electronics,300,25,Key_289
290,Keyboard,89DE,Accessories,100,30,Key_290
291,Laptop,2754,Electronics,1200,10,Key_291
292,Smartphone,91FG,Electronics,800,15,Key_292
293,Tablet,92GH,Electronics,600,20,Key_293
294,Monitor,93HI,Electronics,300,25,Key_294
295,Keyboard,94IJ,Accessories,100,30,Key_295
296,Laptop,95JK,Electronics,1200,10,Key_296
297,Smartphone,96KL,Electronics,800,15,Key_297
298,Tablet,97LM,Electronics,600,20,Key_298
299,Monitor,98MN,Electronics,300,25,Key_299
300,Keyboard,99NO,Accessories,100,30,Key_300
301,Laptop,,Electronics,1200,10,Key_301
302,Smartphone,01PQ,Electronics,800,15,Key_302
303,Tablet,02QR,Electronics,600,20,Key_303
304,Monitor,03RS,Electronics,300,25,Key_304
305,Keyboard,04ST,Accessories,100,30,Key_305
306,Laptop,05TU,Electronics,1200,10,Key_306
307,Smartphone,06UV,Electronics,800,15,Key_307
308,Tablet,07VW,Electronics,600,20,Key_308
309,Monitor,08WX,Electronics,300,25,Key_309
310,Keyboard,09XY,Accessories,100,30,Key_310
311,Laptop,310Y1,Electronics,1200,10,Key_311
312,Smartphone,11ZA,Electronics,800,15,Key_312
313,Tablet,12AB,Electronics,600,20,Key_313
314,Monitor,13BC,Electronics,300,25,Key_314
315,Keyboard,14CD,Accessories,100,30,Key_315
316,Laptop,15DE,Electronics,1200,10,Key_316
317,Smartphone,16EF,Electronics,800,15,Key_317
318,Tablet,17FG,Electronics,600,20,Key_318
319,Monitor,18GH,Electronics,300,25,Key_319
320,Keyboard,19HI,Accessories,100,30,Key_320
321,Laptop,THXL,Electronics,1200,10,Key_321
322,Smartphone,21JK,Electronics,800,15,Key_322
323,Tablet,22KL,Electronics,600,20,Key_323
324,Monitor,23LM,Electronics,300,25,Key_324
325,Keyboard,24MN,Accessories,100,30,Key_325
326,Laptop,25NO,Electronics,1200,10,Key_326
327,Smartphone,26OP,Electronics,800,15,Key_327
328,Tablet,27PQ,Electronics,600,20,Key_328
329,Monitor,28QR,Electronics,300,25,Key_329
330,Keyboard,29RS,Accessories,100,30,Key_330
331,Laptop,0843,Electronics,1200,10,Key_331
332,Smartphone,31TU,Electronics,800,15,Key_332
333,Tablet,32UV,Electronics,600,20,Key_333
334,Monitor,33VW,Electronics,300,25,Key_334
335,Keyboard,34WX,Accessories,100,30,Key_335
336,Laptop,35XY,Electronics,1200,10,Key_336
337,Smartphone,36YZ,Electronics,800,15,Key_337
338,Tablet,37ZA,Electronics,600,20,Key_338
339,Monitor,38AB,Electronics,300,25,Key_339
340,Keyboard,39BC,Accessories,100,30,Key_340
341,Laptop,,Electronics,1200,10,Key_341
342,Smartphone,41DE,Electronics,800,15,Key_342
343,Tablet,42EF,Electronics,600,20,Key_343
344,Monitor,43FG,Electronics,300,25,Key_344
345,Keyboard,44GH,Accessories,100,30,Key_345
346,Laptop,45HI,Electronics,1200,10,Key_346
347,Smartphone,46IJ,Electronics,800,15,Key_347
348,Tablet,47JK,Electronics,600,20,Key_348
349,Monitor,48KL,Electronics,300,25,Key_349
350,Keyboard,49LM,Accessories,100,30,Key_350
351,Laptop,350M1,Electronics,1200,10,Key_351
352,Smartphone,51NO,Electronics,800,15,Key_352
353,Tablet,52OP,Electronics,600,20,Key_353
354,Monitor,53PQ,Electronics,300,25,Key_354
355,Keyboard,54QR,Accessories,100,30,Key_355
356,Laptop,55RS,Electronics,1200,10,Key_356
357,Smartphone,56ST,Electronics,800,15,Key_357
358,Tablet,57TU,Electronics,600,20,Key_358
359,Monitor,58UV,Electronics,300,25,Key_359
360,Keyboard,59VW,Accessories,100,30,Key_360
361,Laptop,FVRH,Electronics,1200,10,Key_361
362,Smartphone,61XY,Electronics,800,15,Key_362
363,Tablet,62YZ,Electronics,600,20,Key_363
364,Monitor,63ZA,Electronics,300,25,Key_364
365,Keyboard,64AB,Accessories,100,30,Key_365
366,Laptop,65BC,Electronics,1200,10,Key_366
367,Smartphone,66CD,Electronics,800,15,Key_367
368,Tablet,67DE,Electronics,600,20,Key_368
369,Monitor,68EF,Electronics,300,25,Key_369
370,Keyboard,69FG,Accessories,100,30,Key_370
371,Laptop,6045,Electronics,1200,10,Key_371
372,Smartphone,71HI,Electronics,800,15,Key_372
373,Tablet,72IJ,Electronics,600,20,Key_373
374,Monitor,73JK,Electronics,300,25,Key_374
375,Keyboard,74KL,Accessories,100,30,Key_375
376,Laptop,75LM,Electronics,1200,10,Key_376
377,Smartphone,76MN,Electronics,800,15,Key_377
378,Tablet,77NO,Electronics,600,20,Key_378
379,Monitor,78OP,Electronics,300,25,Key_379
380,Keyboard,79PQ,Accessories,100,30,Key_380
381,Laptop,,Electronics,1200,10,Key_381
382,Smartphone,81RS,Electronics,800,15,Key_382
383,Tablet,82ST,Electronics,600,20,Key_383
384,Monitor,83TU,Electronics,300,25,Key_384
385,Keyboard,84UV,Accessories,100,30,Key_385
386,Laptop,85VW,Electronics,1200,10,Key_386
387,Smartphone,86WX,Electronics,800,15,Key_387
388,Tablet,87XY,Electronics,600,20,Key_388
389,Monitor,88YZ,Electronics,300,25,Key_389
390,Keyboard,89ZA,Accessories,100,30,Key_390
391,Laptop,390A1,Electronics,1200,10,Key_391
392,Smartphone,91BC,Electronics,800,15,Key_392
393,Tablet,92CD,Electronics,600,20,Key_393
394,Monitor,93DE,Electronics,300,25,Key_394
395,Keyboard,94EF,Accessories,100,30,Key_395
396,Laptop,95FG,Electronics,1200,10,Key_396
397,Smartphone,96GH,Electronics,800,15,Key_397
398,Tablet,97HI,Electronics,600,20,Key_398
399,Monitor,98IJ,Electronics,300,25,Key_399
400,Keyboard,99JK,Accessories,100,30,Key_400
401,Laptop,TBND,Electronics,1200,10,Key_401
402,Smartphone,01LM,Electronics,800,15,Key_402
403,Tablet,02MN,Electronics,600,20,Key_403
404,Monitor,03NO,Electronics,300,25,Key_404
405,Keyboard,04OP,Accessories,100,30,Key_405
406,Laptop,05PQ,Electronics,1200,10,Key_406
407,Smartphone,06QR,Electronics,800,15,Key_407
408,Tablet,07RS,Electronics,600,20,Key_408
409,Monitor,08ST,Electronics,300,25,Key_409
410,Keyboard,09TU,Accessories,100,30,Key_410
411,Laptop,0611,Electronics,1200,10,Key_411
412,Smartphone,11VW,Electronics,800,15,Key_412
413,Tablet,12WX,Electronics,600,20,Key_413
414,Monitor,13XY,Electronics,300,25,Key_414
415,Keyboard,14YZ,Accessories,100,30,Key_415
416,Laptop,15ZA,Electronics,1200,10,Key_416
417,Smartphone,16AB,Electronics,800,15,Key_417
418,Tablet,17BC,Electronics,600,20,Key_418
419,Monitor,18CD,Electronics,300,25,Key_419
420,Keyboard,19DE,Accessories,100,30,Key_420
421,Laptop,,Electronics,1200,10,Key_421
422,Smartphone,21FG,Electronics,800,15,Key_422
423,Tablet,22GH,Electronics,600,20,Key_423
424,Monitor,23HI,Electronics,300,25,Key_424
425,Keyboard,24IJ,Accessories,100,30,Key_425
426,Laptop,25JK,Electronics,1200,10,Key_426
427,Smartphone,26KL,Electronics,800,15,Key_427
428,Tablet,27LM,Electronics,600,20,Key_428
429,Monitor,28MN,Electronics,300,25,Key_429
430,Keyboard,29NO,Accessories,100,30,Key_430
431,Laptop,430O1,Electronics,1200,10,Key_431
432,Smartphone,31PQ,Electronics,800,15,Key_432
433,Tablet,32QR,Electronics,600,20,Key_433
434,Monitor,33RS,Electronics,300,25,Key_434
435,Keyboard,34ST,Accessories,100,30,Key_435
436,Laptop,35TU,Electronics,1200,10,Key_436
437,Smartphone,36UV,Electronics,800,15,Key_437
438,Tablet,37VW,Electronics,600,20,Key_438
439,Monitor,38WX,Electronics,300,25,Key_439
440,Keyboard,39XY,Accessories,100,30,Key_440
441,Laptop,IUBY,Electronics,1200,10,Key_441
442,Smartphone,41ZA,Electronics,800,15,Key_442
443,Tablet,42AB,Electronics,600,20,Key_443
444,Monitor,43BC,Electronics,300,25,Key_444
445,Keyboard,44CD,Accessories,100,30,Key_445
446,Laptop,45DE,Electronics,1200,10,Key_446
447,Smartphone,46EF,Electronics,800,15,Key_447
448,Tablet,47FG,Electronics,600,20,Key_448
449,Monitor,48GH,Electronics,300,25,Key_449
450,Keyboard,49HI,Accessories,100,30,Key_450
451,Laptop,8023,Electronics,1200,10,Key_451
452,Smartphone,51JK,Electronics,800,15,Key_452
453,Tablet,52KL,Electronics,600,20,Key_453
454,Monitor,53LM,Electronics,300,25,Key_454
455,Keyboard,54MN,Accessories,100,30,Key_455
456,Laptop,55NO,Electronics,1200,10,Key_456
457,Smartphone,56OP,Electronics,800,15,Key_457
458,Tablet,57PQ,Electronics,600,20,Key_458
459,Monitor,58QR,Electronics,300,25,Key_459
460,Keyboard,59RS,Accessories,100,30,Key_460
461,Laptop,,Electronics,1200,10,Key_461
462,Smartphone,61TU,Electronics,800,15,Key_462
463,Tablet,62UV,Electronics,600,20,Key_463
464,Monitor,63VW,Electronics,300,25,Key_464
465,Keyboard,64WX,Accessories,100,30,Key_465
466,Laptop,65XY,Electronics,1200,10,Key_466
467,Smartphone,66YZ,Electronics,800,15,Key_467
468,Tablet,67ZA,Electronics,600,20,Key_468
469,Monitor,68AB,Electronics,300,25,Key_469
470,Keyboard,69BC,Accessories,100,30,Key_470
471,Laptop,470C1,Electronics,1200,10,Key_471
472,Smartphone,71DE,Electronics,800,15,Key_472
473,Tablet,72EF,Electronics,600,20,Key_473
474,Monitor,73FG,Electronics,300,25,Key_474
475,Keyboard,74GH,Accessories,100,30,Key_475
476,Laptop,75HI,Electronics,1200,10,Key_476
477,Smartphone,76IJ,Electronics,800,15,Key_477
478,Tablet,77JK,Electronics,600,20,Key_478
479,Monitor,78KL,Electronics,300,25,Key_479
480,Keyboard,79LM,Accessories,100,30,Key_480
481,Laptop,WZDR,Electronics,1200,10,Key_481
482,Smartphone,81NO,Electronics,800,15,Key_482
483,Tablet,82OP,Electronics,600,20,Key_483
484,Monitor,83PQ,Electronics,300,25,Key_484
485,Keyboard,84QR,Accessories,100,30,Key_485
486,Laptop,85RS,Electronics,1200,10,Key_486
487,Smartphone,86ST,Electronics,800,15,Key_487
488,Tablet,87TU,Electronics,600,20,Key_488
489,Monitor,88UV,Electronics,300,25,Key_489
490,Keyboard,89VW,Accessories,100,30,Key_490
491,Laptop,6525,Electronics,1200,10,Key_491
492,Smartphone,91XY,Electronics,800,15,Key_492
493,Tablet,92YZ,Electronics,600,20,Key_493
494,Monitor,93ZA,Electronics,300,25,Key_494
495,Keyboard,94AB,Accessories,100,30,Key_495
496,Laptop,95BC,Electronics,1200,10,Key_496
497,Smartphone,96CD,Electronics,800,15,Key_497
498,Tablet,97DE,Electronics,600,20,Key_498
499,Monitor,98EF,Electronics,300,25,Key_499
500,Keyboard,99FG,Accessories,100,30,Key_500
501,Laptop,,Electronics,1200,10,Key_501
502,Smartphone,01HI,Electronics,800,15,Key_502
503,Tablet,02IJ,Electronics,600,20,Key_503
504,Monitor,03JK,Electronics,300,25,Key_504
505,Keyboard,04KL,Accessories,100,30,Key_505
506,Laptop,05LM,Electronics,1200,10,Key_506
507,Smartphone,06MN,Electronics,800,15,Key_507
508,Tablet,07NO,Electronics,600,20,Key_508
509,Monitor,08OP,Electronics,300,25,Key_509
510,Keyboard,09PQ,Accessories,100,30,Key_510
511,Laptop,510Q1,Electronics,1200,10,Key_511
512,Smartphone,11RS,Electronics,800,15,Key_512
513,Tablet,12ST,Electronics,600,20,Key_513
514,Monitor,13TU,Electronics,300,25,Key_514
515,Keyboard,14UV,Accessories,100,30,Key_515
516,Laptop,15VW,Electronics,1200,10,Key_516
517,Smartphone,16WX,Electronics,800,15,Key_517
518,Tablet,17XY,Electronics,600,20,Key_518
519,Monitor,18YZ,Electronics,300,25,Key_519
520,Keyboard,19ZA,Accessories,100,30,Key_520
521,Laptop,KOVE,Electronics,1200,10,Key_521
522,Smartphone,21BC,Electronics,800,15,Key_522
523,Tablet,22CD,Electronics,600,20,Key_523
524,Monitor,23DE,Electronics,300,25,Key_524
525,Keyboard,24EF,Accessories,100,30,Key_525
526,Laptop,25FG,Electronics,1200,10,Key_526
527,Smartphone,26GH,Electronics,800,15,Key_527
528,Tablet,27HI,Electronics,600,20,Key_528
529,Monitor,28IJ,Electronics,300,25,Key_529
530,Keyboard,29JK,Accessories,100,30,Key_530
531,Laptop,3909,Electronics,1200,10,Key_531
532,Smartphone,31LM,Electronics,800,15,Key_532
533,Tablet,32MN,Electronics,600,20,Key_533
534,Monitor,33NO,Electronics,300,25,Key_534
535,Keyboard,34OP,Accessories,100,30,Key_535
536,Laptop,35PQ,Electronics,1200,10,Key_536
537,Smartphone,36QR,Electronics,800,15,Key_537
538,Tablet,37RS,Electronics,600,20,Key_538
539,Monitor,38ST,Electronics,300,25,Key_539
540,Keyboard,39TU,Accessories,100,30,Key_540
541,Laptop,,Electronics,1200,10,Key_541
542,Smartphone,41VW,Electronics,800,15,Key_542
543,Tablet,42WX,Electronics,600,20,Key_543
544,Monitor,43XY,Electronics,300,25,Key_544
545,Keyboard,44YZ,Accessories,100,30,Key_545
546,Laptop,45ZA,Electronics,1200,10,Key_546
547,Smartphone,46AB,Electronics,800,15,Key_547
548,Tablet,47BC,Electronics,600,20,Key_548
549,Monitor,48CD,Electronics,300,25,Key_549
550,Keyboard,49DE,Accessories,100,30,Key_550
551,Laptop,550E1,Electronics,1200,10,Key_551
552,Smartphone,51FG,Electronics,800,15,Key_552
553,Tablet,52GH,Electronics,600,20,Key_553
554,Monitor,53HI,Electronics,300,25,Key_554
555,Keyboard,54IJ,Accessories,100,30,Key_555
556,Laptop,55JK,Electronics,1200,10,Key_556
557,Smartphone,56KL,Electronics,800,15,Key_557
558,Tablet,57LM,Electronics,600,20,Key_558
559,Monitor,58MN,Electronics,300,25,Key_559
560,Keyboard,59NO,Accessories,100,30,Key_560
561,Laptop,FRMC,Electronics,1200,10,Key_561
562,Smartphone,61PQ,Electronics,800,15,Key_562
563,Tablet,62QR,Electronics,600,20,Key_563
564,Monitor,63RS,Electronics,300,25,Key_564
565,Keyboard,64ST,Accessories,100,30,Key_565
566,Laptop,65TU,Electronics,1200,10,Key_566
567,Smartphone,66UV,Electronics,800,15,Key_567
568,Tablet,67VW,Electronics,600,20,Key_568
569,Monitor,68WX,Electronics,300,25,Key_569
570,Keyboard,69XY,Accessories,100,30,Key_570
571,Laptop,7952,Electronics,1200,10,Key_571
572,Smartphone,71ZA,Electronics,800,15,Key_572
573,Tablet,72AB,Electronics,600,20,Key_573
574,Monitor,73BC,Electronics,300,25,Key_574
575,Keyboard,74CD,Accessories,100,30,Key_575
576,Laptop,75DE,Electronics,1200,10,Key_576
577,Smartphone,76EF,Electronics,800,15,Key_577
578,Tablet,77FG,Electronics,600,20,Key_578
579,Monitor,78GH,Electronics,300,25,Key_579
580,Keyboard,79HI,Accessories,100,30,Key_580
581,Laptop,,Electronics,1200,10,Key_581
582,Smartphone,81JK,Electronics,800,15,Key_582
583,Tablet,82KL,Electronics,600,20,Key_583
584,Monitor,83LM,Electronics,300,25,Key_584
585,Keyboard,84MN,Accessories,100,30,Key_585
586,Laptop,85NO,Electronics,1200,10,Key_586
587,Smartphone,86OP,Electronics,800,15,Key_587
588,Tablet,87PQ,Electronics,600,20,Key_588
589,Monitor,88QR,Electronics,300,25,Key_589
590,Keyboard,89RS,Accessories,100,30,Key_590
591,Laptop,590S1,Electronics,1200,10,Key_591
592,Smartphone,91TU,Electronics,800,15,Key_592
593,Tablet,92UV,Electronics,600,20,Key_593
594,Monitor,93VW,Electronics,300,25,Key_594
595,Keyboard,94WX,Accessories,100,30,Key_595
596,Laptop,95XY,Electronics,1200,10,Key_596
597,Smartphone,96YZ,Electronics,800,15,Key_597
598,Tablet,97ZA,Electronics,600,20,Key_598
599,Monitor,98AB,Electronics,300,25,Key_599
600,Keyboard,99BC,Accessories,100,30,Key_600
601,Laptop,PGTN,Electronics,1200,10,Key_601
602,Smartphone,01DE,Electronics,800,15,Key_602
603,Tablet,02EF,Electronics,600,20,Key_603
604,Monitor,03FG,Electronics,300,25,Key_604
605,Keyboard,04GH,Accessories,100,30,Key_605
606,Laptop,05HI,Electronics,1200,10,Key_606
607,Smartphone,06IJ,Electronics,800,15,Key_607
608,Tablet,07JK,Electronics,600,20,Key_608
609,Monitor,08KL,Electronics,300,25,Key_609
610,Keyboard,09LM,Accessories,100,30,Key_610
611,Laptop,8421,Electronics,1200,10,Key_611
612,Smartphone,11NO,Electronics,800,15,Key_612
613,Tablet,12OP,Electronics,600,20,Key_613
614,Monitor,13PQ,Electronics,300,25,Key_614
615,Keyboard,14QR,Accessories,100,30,Key_615
616,Laptop,15RS,Electronics,1200,10,Key_616
617,Smartphone,16ST,Electronics,800,15,Key_617
618,Tablet,17TU,Electronics,600,20,Key_618
619,Monitor,18UV,Electronics,300,25,Key_619
620,Keyboard,19VW,Accessories,100,30,Key_620
621,Laptop,,Electronics,1200,10,Key_621
622,Smartphone,21XY,Electronics,800,15,Key_622
623,Tablet,22YZ,Electronics,600,20,Key_623
624,Monitor,23ZA,Electronics,300,25,Key_624
625,Keyboard,24AB,Accessories,100,30,Key_625
626,Laptop,25BC,Electronics,1200,10,Key_626
627,Smartphone,26CD,Electronics,800,15,Key_627
628,Tablet,27DE,Electronics,600,20,Key_628
629,Monitor,28EF,Electronics,300,25,Key_629
630,Keyboard,29FG,Accessories,100,30,Key_630
631,Laptop,630G1,Electronics,1200,10,Key_631
632,Smartphone,31HI,Electronics,800,15,Key_632
633,Tablet,32IJ,Electronics,600,20,Key_633
634,Monitor,33JK,Electronics,300,25,Key_634
635,Keyboard,34KL,Accessories,100,30,Key_635
636,Laptop,35LM,Electronics,1200,10,Key_636
637,Smartphone,36MN,Electronics,800,15,Key_637
638,Tablet,37NO,Electronics,600,20,Key_638
639,Monitor,38OP,Electronics,300,25,Key_639
640,Keyboard,39PQ,Accessories,100,30,Key_640
641,Laptop,BCRN,Electronics,1200,10,Key_641
642,Smartphone,41RS,Electronics,800,15,Key_642
643,Tablet,42ST,Electronics,600,20,Key_643
644,Monitor,43TU,Electronics,300,25,Key_644
645,Keyboard,44UV,Accessories,100,30,Key_645
646,Laptop,45VW,Electronics,1200,10,Key_646
647,Smartphone,46WX,Electronics,800,15,Key_647
648,Tablet,47XY,Electronics,600,20,Key_648
649,Monitor,48YZ,Electronics,300,25,Key_649
650,Keyboard,49ZA,Accessories,100,30,Key_650
651,Laptop,3198,Electronics,1200,10,Key_651
652,Smartphone,51BC,Electronics,800,15,Key_652
653,Tablet,52CD,Electronics,600,20,Key_653
654,Monitor,53DE,Electronics,300,25,Key_654
655,Keyboard,54EF,Accessories,100,30,Key_655
656,Laptop,55FG,Electronics,1200,10,Key_656
657,Smartphone,56GH,Electronics,800,15,Key_657
658,Tablet,57HI,Electronics,600,20,Key_658
659,Monitor,58IJ,Electronics,300,25,Key_659
660,Keyboard,59JK,Accessories,100,30,Key_660
661,Laptop,,Electronics,1200,10,Key_661
662,Smartphone,61LM,Electronics,800,15,Key_662
663,Tablet,62MN,Electronics,600,20,Key_663
664,Monitor,63NO,Electronics,300,25,Key_664
665,Keyboard,64OP,Accessories,100,30,Key_665
666,Laptop,65PQ,Electronics,1200,10,Key_666
667,Smartphone,66QR,Electronics,800,15,Key_667
668,Tablet,67RS,Electronics,600,20,Key_668
669,Monitor,68ST,Electronics,300,25,Key_669
670,Keyboard,69TU,Accessories,100,30,Key_670
671,Laptop,670U1,Electronics,1200,10,Key_671
672,Smartphone,71VW,Electronics,800,15,Key_672
673,Tablet,72WX,Electronics,600,20,Key_673
674,Monitor,73XY,Electronics,300,25,Key_674
675,Keyboard,74YZ,Accessories,100,30,Key_675
676,Laptop,75ZA,Electronics,1200,10,Key_676
677,Smartphone,76AB,Electronics,800,15,Key_677
678,Tablet,77BC,Electronics,600,20,Key_678
679,Monitor,78CD,Electronics,300,25,Key_679
680,Keyboard,79DE,Accessories,100,30,Key_680
681,Laptop,BYVA,Electronics,1200,10,Key_681
682,Smartphone,81FG,Electronics,800,15,Key_682
683,Tablet,82GH,Electronics,600,20,Key_683
684,Monitor,83HI,Electronics,300,25,Key_684
685,Keyboard,84IJ,Accessories,100,30,Key_685
686,Laptop,85JK,Electronics,1200,10,Key_686
687,Smartphone,86KL,Electronics,800,15,Key_687
688,Tablet,87LM,Electronics,600,20,Key_688
689,Monitor,88MN,Electronics,300,25,Key_689
690,Keyboard,89NO,Accessories,100,30,Key_690
691,Laptop,3053,Electronics,1200,10,Key_691
692,Smartphone,91PQ,Electronics,800,15,Key_692
693,Tablet,92QR,Electronics,600,20,Key_693
694,Monitor,93RS,Electronics,300,25,Key_694
695,Keyboard,94ST,Accessories,100,30,Key_695
696,Laptop,95TU,Electronics,1200,10,Key_696
697,Smartphone,96UV,Electronics,800,15,Key_697
698,Tablet,97VW,Electronics,600,20,Key_698
699,Monitor,98WX,Electronics,300,25,Key_699
700,Keyboard,99XY,Accessories,100,30,Key_700
701,Laptop,,Electronics,1200,10,Key_701
702,Smartphone,01ZA,Electronics,800,15,Key_702
703,Tablet,02AB,Electronics,600,20,Key_703
704,Monitor,03BC,Electronics,300,25,Key_704
705,Keyboard,04CD,Accessories,100,30,Key_705
706,Laptop,05DE,Electronics,1200,10,Key_706
707,Smartphone,06EF,Electronics,800,15,Key_707
708,Tablet,07FG,Electronics,600,20,Key_708
709,Monitor,08GH,Electronics,300,25,Key_709
710,Keyboard,09HI,Accessories,100,30,Key_710
711,Laptop,710I1,Electronics,1200,10,Key_711
712,Smartphone,11JK,Electronics,800,15,Key_712
713,Tablet,12KL,Electronics,600,20,Key_713
714,Monitor,13LM,Electronics,300,25,Key_714
715,Keyboard,14MN,Accessories,100,30,Key_715
716,Laptop,15NO,Electronics,1200,10,Key_716
717,Smartphone,16OP,Electronics,800,15,Key_717
718,Tablet,17PQ,Electronics,600,20,Key_718
719,Monitor,18QR,Electronics,300,25,Key_719
720,Keyboard,19RS,Accessories,100,30,Key_720
721,Laptop,CCIF,Electronics,1200,10,Key_721
722,Smartphone,21TU,Electronics,800,15,Key_722
723,Tablet,22UV,Electronics,600,20,Key_723
724,Monitor,23VW,Electronics,300,25,Key_724
725,Keyboard,24WX,Accessories,100,30,Key_725
726,Laptop,25XY,Electronics,1200,10,Key_726
727,Smartphone,26YZ,Electronics,800,15,Key_727
728,Tablet,27ZA,Electronics,600,20,Key_728
729,Monitor,28AB,Electronics,300,25,Key_729
730,Keyboard,29BC,Accessories,100,30,Key_730
731,Laptop,8417,Electronics,1200,10,Key_731
732,Smartphone,31DE,Electronics,800,15,Key_732
733,Tablet,32EF,Electronics,600,20,Key_733
734,Monitor,33FG,Electronics,300,25,Key_734
735,Keyboard,34GH,Accessories,100,30,Key_735
736,Laptop,35HI,Electronics,1200,10,Key_736
737,Smartphone,36IJ,Electronics,800,15,Key_737
738,Tablet,37JK,Electronics,600,20,Key_738
739,Monitor,38KL,Electronics,300,25,Key_739
740,Keyboard,39LM,Accessories,100,30,Key_740
741,Laptop,,Electronics,1200,10,Key_741
742,Smartphone,41NO,Electronics,800,15,Key_742
743,Tablet,42OP,Electronics,600,20,Key_743
744,Monitor,43PQ,Electronics,300,25,Key_744
745,Keyboard,44QR,Accessories,100,30,Key_745
746,Laptop,45RS,Electronics,1200,10,Key_746
747,Smartphone,46ST,Electronics,800,15,Key_747
748,Tablet,47TU,Electronics,600,20,Key_748
749,Monitor,48UV,Electronics,300,25,Key_749
750,Keyboard,49VW,Accessories,100,30,Key_750
751,Laptop,750W1,Electronics,1200,10,Key_751
752,Smartphone,51XY,Electronics,800,15,Key_752
753,Tablet,52YZ,Electronics,600,20,Key_753
754,Monitor,53ZA,Electronics,300,25,Key_754
755,Keyboard,54AB,Accessories,100,30,Key_755
756,Laptop,55BC,Electronics,1200,10,Key_756
757,Smartphone,56CD,Electronics,800,15,Key_757
758,Tablet,57DE,Electronics,600,20,Key_758
759,Monitor,58EF,Electronics,300,25,Key_759
760,Keyboard,59FG,Accessories,100,30,Key_760
761,Laptop,UBDY,Electronics,1200,10,Key_761
762,Smartphone,61HI,Electronics,800,15,Key_762
763,Tablet,62IJ,Electronics,600,20,Key_763
764,Monitor,63JK,Electronics,300,25,Key_764
765,Keyboard,64KL,Accessories,100,30,Key_765
766,Laptop,65LM,Electronics,1200,10,Key_766
767,Smartphone,66MN,Electronics,800,15,Key_767
768,Tablet,67NO,Electronics,600,20,Key_768
769,Monitor,68OP,Electronics,300,25,Key_769
770,Keyboard,69PQ,Accessories,100,30,Key_770
771,Laptop,3315,Electronics,1200,10,Key_771
772,Smartphone,71RS,Electronics,800,15,Key_772
773,Tablet,72ST,Electronics,600,20,Key_773
774,Monitor,73TU,Electronics,300,25,Key_774
775,Keyboard,74UV,Accessories,100,30,Key_775
776,Laptop,75VW,Electronics,1200,10,Key_776
777,Smartphone,76WX,Electronics,800,15,Key_777
778,Tablet,77XY,Electronics,600,20,Key_778
779,Monitor,78YZ,Electronics,300,25,Key_779
780,Keyboard,79ZA,Accessories,100,30,Key_780
781,Laptop,,Electronics,1200,10,Key_781
782,Smartphone,81BC,Electronics,800,15,Key_782
783,Tablet,82CD,Electronics,600,20,Key_783
784,Monitor,83DE,Electronics,300,25,Key_784
785,Keyboard,84EF,Accessories,100,30,Key_785
786,Laptop,85FG,Electronics,1200,10,Key_786
787,Smartphone,86GH,Electronics,800,15,Key_787
788,Tablet,87HI,Electronics,600,20,Key_788
789,Monitor,88IJ,Electronics,300,25,Key_789
790,Keyboard,89JK,Accessories,100,30,Key_790
791,Laptop,790K1,Electronics,1200,10,Key_791
792,Smartphone,91LM,Electronics,800,15,Key_792
793,Tablet,92MN,Electronics,600,20,Key_793
794,Monitor,93NO,Electronics,300,25,Key_794
795,Keyboard,94OP,Accessories,100,30,Key_795
796,Laptop,95PQ,Electronics,1200,10,Key_796
797,Smartphone,96QR,Electronics,800,15,Key_797
798,Tablet,97RS,Electronics,600,20,Key_798
799,Monitor,98ST,Electronics,300,25,Key_799
800,Keyboard,99TU,Accessories,100,30,Key_800
801,Laptop,KBWS,Electronics,1200,10,Key_801
802,Smartphone,01VW,Electronics,800,15,Key_802
803,Tablet,02WX,Electronics,600,20,Key_803
804,Monitor,03XY,Electronics,300,25,Key_804
805,Keyboard,04YZ,Accessories,100,30,Key_805
806,Laptop,05ZA,Electronics,1200,10,Key_806
807,Smartphone,06AB,Electronics,800,15,Key_807
808,Tablet,07BC,Electronics,600,20,Key_808
809,Monitor,08CD,Electronics,300,25,Key_809
810,Keyboard,09DE,Accessories,100,30,Key_810
811,Laptop,2421,Electronics,1200,10,Key_811
812,Smartphone,11FG,Electronics,800,15,Key_812
813,Tablet,12GH,Electronics,600,20,Key_813
814,Monitor,13HI,Electronics,300,25,Key_814
815,Keyboard,14IJ,Accessories,100,30,Key_815
816,Laptop,15JK,Electronics,1200,10,Key_816
817,Smartphone,16KL,Electronics,800,15,Key_817
818,Tablet,17LM,Electronics,600,20,Key_818
819,Monitor,18MN,Electronics,300,25,Key_819
820,Keyboard,19NO,Accessories,100,30,Key_820
821,Laptop,,Electronics,1200,10,Key_821
822,Smartphone,21PQ,Electronics,800,15,Key_822
823,Tablet,22QR,Electronics,600,20,Key_823
824,Monitor,23RS,Electronics,300,25,Key_824
825,Keyboard,24ST,Accessories,100,30,Key_825
826,Laptop,25TU,Electronics,1200,10,Key_826
827,Smartphone,26UV,Electronics,800,15,Key_827
828,Tablet,27VW,Electronics,600,20,Key_828
829,Monitor,28WX,Electronics,300,25,Key_829
830,Keyboard,29XY,Accessories,100,30,Key_830
831,Laptop,830Y1,Electronics,1200,10,Key_831
832,Smartphone,31ZA,Electronics,800,15,Key_832
833,Tablet,32AB,Electronics,600,20,Key_833
834,Monitor,33BC,Electronics,300,25,Key_834
835,Keyboard,34CD,Accessories,100,30,Key_835
836,Laptop,35DE,Electronics,1200,10,Key_836
837,Smartphone,36EF,Electronics,800,15,Key_837
838,Tablet,37FG,Electronics,600,20,Key_838
839,Monitor,38GH,Electronics,300,25,Key_839
840,Keyboard,39HI,Accessories,100,30,Key_840
841,Laptop,JYBK,Electronics,1200,10,Key_841
842,Smartphone,41JK,Electronics,800,15,Key_842
843,Tablet,42KL,Electronics,600,20,Key_843
844,Monitor,43LM,Electronics,300,25,Key_844
845,Keyboard,44MN,Accessories,100,30,Key_845
846,Laptop,45NO,Electronics,1200,10,Key_846
847,Smartphone,46OP,Electronics,800,15,Key_847
848,Tablet,47PQ,Electronics,600,20,Key_848
849,Monitor,48QR,Electronics,300,25,Key_849
850,Keyboard,49RS,Accessories,100,30,Key_850
851,Laptop,1786,Electronics,1200,10,Key_851
852,Smartphone,51TU,Electronics,800,15,Key_852
853,Tablet,52UV,Electronics,600,20,Key_853
854,Monitor,53VW,Electronics,300,25,Key_854
855,Keyboard,54WX,Accessories,100,30,Key_855
856,Laptop,55XY,Electronics,1200,10,Key_856
857,Smartphone,56YZ,Electronics,800,15,Key_857
858,Tablet,57ZA,Electronics,600,20,Key_858
859,Monitor,58AB,Electronics,300,25,Key_859
860,Keyboard,59BC,Accessories,100,30,Key_860
861,Laptop,,Electronics,1200,10,Key_861
862,Smartphone,61DE,Electronics,800,15,Key_862
863,Tablet,62EF,Electronics,600,20,Key_863
864,Monitor,63FG,Electronics,300,25,Key_864
865,Keyboard,64GH,Accessories,100,30,Key_865
866,Laptop,65HI,Electronics,1200,10,Key_866
867,Smartphone,66IJ,Electronics,800,15,Key_867
868,Tablet,67JK,Electronics,600,20,Key_868
869,Monitor,68KL,Electronics,300,25,Key_869
870,Keyboard,69LM,Accessories,100,30,Key_870
871,Laptop,870M1,Electronics,1200,10,Key_871
872,Smartphone,71NO,Electronics,800,15,Key_872
873,Tablet,72OP,Electronics,600,20,Key_873
874,Monitor,73PQ,Electronics,300,25,Key_874
875,Keyboard,74QR,Accessories,100,30,Key_875
876,Laptop,75RS,Electronics,1200,10,Key_876
877,Smartphone,76ST,Electronics,800,15,Key_877
878,Tablet,77TU,Electronics,600,20,Key_878
879,Monitor,78UV,Electronics,300,25,Key_879
880,Keyboard,79VW,Accessories,100,30,Key_880
881,Laptop,SICU,Electronics,1200,10,Key_881
882,Smartphone,81XY,Electronics,800,15,Key_882
883,Tablet,82YZ,Electronics,600,20,Key_883
884,Monitor,83ZA,Electronics,300,25,Key_884
885,Keyboard,84AB,Accessories,100,30,Key_885
886,Laptop,85BC,Electronics,1200,10,Key_886
887,Smartphone,86CD,Electronics,800,15,Key_887
888,Tablet,87DE,Electronics,600,20,Key_888
889,Monitor,88EF,Electronics,300,25,Key_889
890,Keyboard,89FG,Accessories,100,30,Key_890
891,Laptop,8260,Electronics,1200,10,Key_891
892,Smartphone,91HI,Electronics,800,15,Key_892
893,Tablet,92IJ,Electronics,600,20,Key_893
894,Monitor,93JK,Electronics,300,25,Key_894
895,Keyboard,94KL,Accessories,100,30,Key_895
896,Laptop,95LM,Electronics,1200,10,Key_896
897,Smartphone,96MN,Electronics,800,15,Key_897
898,Tablet,97NO,Electronics,600,20,Key_898
899,Monitor,98OP,Electronics,300,25,Key_899
900,Keyboard,99PQ,Accessories,100,30,Key_900
901,Laptop,,Electronics,1200,10,Key_901
902,Smartphone,01RS,Electronics,800,15,Key_902
903,Tablet,02ST,Electronics,600,20,Key_903
904,Monitor,03TU,Electronics,300,25,Key_904
905,Keyboard,04UV,Accessories,100,30,Key_905
906,Laptop,05VW,Electronics,1200,10,Key_906
907,Smartphone,06WX,Electronics,800,15,Key_907
908,Tablet,07XY,Electronics,600,20,Key_908
909,Monitor,08YZ,Electronics,300,25,Key_909
910,Keyboard,09ZA,Accessories,100,30,Key_910
911,Laptop,910A1,Electronics,1200,10,Key_911
912,Smartphone,11BC,Electronics,800,15,Key_912
913,Tablet,12CD,Electronics,600,20,Key_913
914,Monitor,13DE,Electronics,300,25,Key_914
915,Keyboard,14EF,Accessories,100,30,Key_915
916,Laptop,15FG,Electronics,1200,10,Key_916
917,Smartphone,16GH,Electronics,800,15,Key_917
918,Tablet,17HI,Electronics,600,20,Key_918
919,Monitor,18IJ,Electronics,300,25,Key_919
920,Keyboard,19JK,Accessories,100,30,Key_920
921,Laptop,DDGH,Electronics,1200,10,Key_921
922,Smartphone,21LM,Electronics,800,15,Key_922
923,Tablet,22MN,Electronics,600,20,Key_923
924,Monitor,23NO,Electronics,300,25,Key_924
925,Keyboard,24OP,Accessories,100,30,Key_925
926,Laptop,25PQ,Electronics,1200,10,Key_926
927,Smartphone,26QR,Electronics,800,15,Key_927
928,Tablet,27RS,Electronics,600,20,Key_928
929,Monitor,28ST,Electronics,300,25,Key_929
930,Keyboard,29TU,Accessories,100,30,Key_930
931,Laptop,0463,Electronics,1200,10,Key_931
932,Smartphone,31VW,Electronics,800,15,Key_932
933,Tablet,32WX,Electronics,600,20,Key_933
934,Monitor,33XY,Electronics,300,25,Key_934
935,Keyboard,34YZ,Accessories,100,30,Key_935
936,Laptop,35ZA,Electronics,1200,10,Key_936
937,Smartphone,36AB,Electronics,800,15,Key_937
938,Tablet,37BC,Electronics,600,20,Key_938
939,Monitor,38CD,Electronics,300,25,Key_939
940,Keyboard,39DE,Accessories,100,30,Key_940
941,Laptop,,Electronics,1200,10,Key_941
942,Smartphone,41FG,Electronics,800,15,Key_942
943,Tablet,42GH,Electronics,600,20,Key_943
944,Monitor,43HI,Electronics,300,25,Key_944
945,Keyboard,44IJ,Accessories,100,30,Key_945
946,Laptop,45JK,Electronics,1200,10,Key_946
947,Smartphone,46KL,Electronics,800,15,Key_947
948,Tablet,47LM,Electronics,600,20,Key_948
949,Monitor,48MN,Electronics,300,25,Key_949
950,Keyboard,49NO,Accessories,100,30,Key_950
951,Laptop,950O1,Electronics,1200,10,Key_951
952,Smartphone,51PQ,Electronics,800,15,Key_952
953,Tablet,52QR,Electronics,600,20,Key_953
954,Monitor,53RS,Electronics,300,25,Key_954
955,Keyboard,54ST,Accessories,100,30,Key_955
956,Laptop,55TU,Electronics,1200,10,Key_956
957,Smartphone,56UV,Electronics,800,15,Key_957
958,Tablet,57VW,Electronics,600,20,Key_958
959,Monitor,58WX,Electronics,300,25,Key_959
960,Keyboard,59XY,Accessories,100,30,Key_960
961,Laptop,TDFG,Electronics,1200,10,Key_961
962,Smartphone,61ZA,Electronics,800,15,Key_962
963,Tablet,62AB,Electronics,600,20,Key_963
964,Monitor,63BC,Electronics,300,25,Key_964
965,Keyboard,64CD,Accessories,100,30,Key_965
966,Laptop,65DE,Electronics,1200,10,Key_966
967,Smartphone,66EF,Electronics,800,15,Key_967
968,Tablet,67FG,Electronics,600,20,Key_968
969,Monitor,68GH,Electronics,300,25,Key_969
970,Keyboard,69HI,Accessories,100,30,Key_970
971,Laptop,1432,Electronics,1200,10,Key_971
972,Smartphone,71JK,Electronics,800,15,Key_972
973,Tablet,72KL,Electronics,600,20,Key_973
974,Monitor,73LM,Electronics,300,25,Key_974
975,Keyboard,74MN,Accessories,100,30,Key_975
976,Laptop,75NO,Electronics,1200,10,Key_976
977,Smartphone,76OP,Electronics,800,15,Key_977
978,Tablet,77PQ,Electronics,600,20,Key_978
979,Monitor,78QR,Electronics,300,25,Key_979
980,Keyboard,79RS,Accessories,100,30,Key_980
981,Laptop,,Electronics,1200,10,Key_981
982,Smartphone,81TU,Electronics,800,15,Key_982
983,Tablet,82UV,Electronics,600,20,Key_983
984,Monitor,83VW,Electronics,300,25,Key_984
985,Keyboard,84WX,Accessories,100,30,Key_985
986,Laptop,85XY,Electronics,1200,10,Key_986
987,Smartphone,86YZ,Electronics,800,15,Key_987
988,Tablet,87ZA,Electronics,600,20,Key_988
989,Monitor,88AB,Electronics,300,25,Key_989
990,Keyboard,89BC,Accessories,100,30,Key_990
991,Laptop,990C1,Electronics,1200,10,Key_991
992,Smartphone,91DE,Electronics,800,15,Key_992
993,Tablet,92EF,Electronics,600,20,Key_993
994,Monitor,93FG,Electronics,300,25,Key_994
995,Keyboard,94GH,Accessories,100,30,Key_995
996,Laptop,95HI,Electronics,1200,10,Key_996
997,Smartphone,96IJ,Electronics,800,15,Key_997
998,Tablet,97JK,Electronics,600,20,Key_998
999,Monitor,98KL,Electronics,300,25,Key_999
1000,Keyboard,99LM,Accessories,100,30,Key_1000
